index,reduceIndex,x1,x2,x3,x4,shock
002475.SZ,121.24821704609892,48.57534246575343,48.57534246575343,48.57534246575343,48.57534246575343,-36.75105511734147
600519.SH,247.8445569235504,31.94420963651734,31.94420963651734,31.94420963651734,31.94420963651734,-15.60738795957693
600114.SH,36.69464974287997,91.14219114219114,91.14219114219114,91.14219114219114,91.14219114219114,-78.59657057427908
601628.SH,24.858895188531555,33.09435044450818,33.09435044450818,33.09435044450818,33.09435044450818,-45.66012141406278
300146.SZ,184.59364504119037,30.54018946824376,30.54018946824376,30.54018946824376,30.54018946824376,-60.28779444705852
300015.SZ,84.70183096439796,36.52679474216378,36.52679474216378,36.52679474216378,36.52679474216378,-22.6901970319734
002332.SZ,3.879462215989561,71.52988855116517,71.52988855116517,71.52988855116517,71.52988855116517,-57.7193936100931
002241.SZ,5.946632011872178,63.80522088353415,63.80522088353415,63.80522088353415,63.80522088353415,-69.31617902506764
002044.SZ,92.46330463899557,31.69912693082605,31.69912693082605,31.69912693082605,31.69912693082605,-35.92037822508656
002007.SZ,17.839362239865626,58.28362126708908,58.28362126708908,58.28362126708908,58.28362126708908,-23.311099651129695
601318.SH,102.63685291467615,26.56213433185116,26.56213433185116,26.56213433185116,26.56213433185116,-17.63799446808568
300144.SZ,18.16061981321223,30.637334196053057,30.637334196053057,30.637334196053057,30.637334196053057,1.4095811551420394
603816.SH,1.1370330113612612,33.785261316422485,33.785261316422485,33.785261316422485,33.785261316422485,-5.661010977086321
600176.SH,26.808468494032358,37.247706422018354,37.247706422018354,37.247706422018354,37.247706422018354,-38.89436071014959
002396.SZ,3.697625850649206,52.61529808773904,52.61529808773904,52.61529808773904,52.61529808773904,-14.171599587617953
002384.SZ,17.874927097335448,72.18142548596114,72.18142548596114,72.18142548596114,72.18142548596114,-16.002672233581368
002405.SZ,5.7669040623848,52.60869565217391,52.60869565217391,52.60869565217391,52.60869565217391,-23.54058589471447
000651.SZ,20.720292241442266,33.79078987496189,33.79078987496189,33.79078987496189,33.79078987496189,-75.61615978682951
600276.SH,17.11594516226045,25.70840950639854,25.70840950639854,25.70840950639854,25.70840950639854,-31.182505390767414
002572.SZ,7.840125290336386,30.07159904534606,30.07159904534606,30.07159904534606,30.07159904534606,-21.447606115831878
300003.SZ,34.30692181738968,37.39419588875455,37.39419588875455,37.39419588875455,37.39419588875455,-29.89282985527434
002705.SZ,163.93249460878684,96.90721649484536,96.90721649484536,96.90721649484536,96.90721649484536,-44.594711102191106
600383.SH,70.54385587872126,27.65517241379311,27.65517241379311,27.65517241379311,27.65517241379311,-65.71313061587678
601818.SH,1.53813069958208,24.263038548752824,24.263038548752824,24.263038548752824,24.263038548752824,-56.623658127864196
002032.SZ,18.393272448601905,20.304766866371452,20.304766866371452,20.304766866371452,20.304766866371452,-22.644099150995334
0291.HK,378.4783075373721,30.1624,30.1624,30.1624,30.1624,-12.586361318748596
600036.SH,127.60956229986523,30.468334220329947,30.468334220329947,30.468334220329947,30.468334220329947,-8.472071303639487
002236.SZ,19.07697361728445,35.8148893360161,35.8148893360161,35.8148893360161,35.8148893360161,-48.25124468016059
600031.SH,329.6397918045232,38.94428152492669,38.94428152492669,38.94428152492669,38.94428152492669,-36.38162355503075
0939.HK,3.942793322540636,15.3046,15.3046,15.3046,15.3046,-16.20581703454085
601139.SH,9.226604034770244,27.58620689655172,27.58620689655172,27.58620689655172,27.58620689655172,-78.4695993670369
2328.HK,5.412683027226305,41.2141,41.2141,41.2141,41.2141,-28.4760138330974
002768.SZ,99.22589121862549,170.03005581794758,170.03005581794758,170.03005581794758,170.03005581794758,-72.56179077234887
601398.SH,5.279679778931968,19.04761904761904,19.04761904761904,19.04761904761904,19.04761904761904,1.258512970263599
000708.SZ,131.51055441110978,55.037069341474044,55.037069341474044,55.037069341474044,55.037069341474044,-62.05298221939417
600529.SH,83.96707360048238,72.39507959479015,72.39507959479015,72.39507959479015,72.39507959479015,-20.933511150516573
2020.HK,150.8103906922344,53.6201,53.6201,53.6201,53.6201,-3.524133645477122
600887.SH,161.86968547064654,21.848739495798306,21.848739495798306,21.848739495798306,21.848739495798306,-30.96853846595822
002675.SZ,63.97779435091747,32.65052762259468,32.65052762259468,32.65052762259468,32.65052762259468,-74.04393032502139
300498.SZ,53.126859832078274,31.845238095238088,31.845238095238088,31.845238095238088,31.845238095238088,-25.66762403395608
601877.SH,11.038956335727713,30.373134328358216,30.373134328358216,30.373134328358216,30.373134328358216,-37.740275885561275
300014.SZ,283.0963025146192,75.2591706539075,75.2591706539075,75.2591706539075,75.2591706539075,-20.96000395351536
300122.SZ,79.76440522781668,73.35884011276683,73.35884011276683,73.35884011276683,73.35884011276683,-6.458904528761043
300601.SZ,148.44822881757304,72.3203098302768,72.3203098302768,72.3203098302768,72.3203098302768,-7.9915424030333115
601166.SH,12.49185774125912,27.72727272727274,27.72727272727274,27.72727272727274,27.72727272727274,-20.44321199397052
603456.SH,9.327286333282688,81.49210903873745,81.49210903873745,81.49210903873745,81.49210903873745,-44.84954579077632
0268.HK,4.14017462742456,79.1238,79.1238,79.1238,79.1238,-3.130381538622265
600201.SH,14.242284044472784,44.71153846153847,44.71153846153847,44.71153846153847,44.71153846153847,-44.16320714406035
1797.HK,72.14316538982517,116.5054,116.5054,116.5054,116.5054,-41.969310146263524
000063.SZ,22.96841913599909,60.94942074032213,60.94942074032213,60.94942074032213,60.94942074032213,-58.75060881721834
000876.SZ,409.76337931494936,99.59899749373432,99.59899749373432,99.59899749373432,99.59899749373432,-56.48400058070079
601088.SH,29.697147296924406,25.808219178082194,25.808219178082194,25.808219178082194,25.808219178082194,7.333129927334819
000333.SZ,12.306414722018685,25.23605150214593,25.23605150214593,25.23605150214593,25.23605150214593,-33.48229307513432
600837.SH,38.95691636100875,23.091849935316954,23.091849935316954,23.091849935316954,23.091849935316954,-77.99881243598267
600050.SH,19.032516028277254,21.052631578947373,21.052631578947373,21.052631578947373,21.052631578947373,-120.53466313624592
600867.SH,2.2445300523103513,35.33596837944663,35.33596837944663,35.33596837944663,35.33596837944663,-15.024101112067509
1299.HK,34.56712086649089,33.9242,33.9242,33.9242,33.9242,-6.503516114690629
000725.SZ,12.104061913009666,55.06607929515417,55.06607929515417,55.06607929515417,55.06607929515417,-69.9936063888141
600845.SH,153.92799809892628,72.40121580547113,72.40121580547113,72.40121580547113,72.40121580547113,-18.891027961378644
002123.SZ,155.21608653413327,49.39884997386304,49.39884997386304,49.39884997386304,49.39884997386304,-46.86879919482154
002179.SZ,30.660841385077894,24.987199180747577,24.987199180747577,24.987199180747577,24.987199180747577,-27.99032659098663
000568.SZ,252.581655419998,34.263959390862944,34.263959390862944,34.263959390862944,34.263959390862944,-47.557005981463725
000002.SZ,19.803746505309018,29.272840273461785,29.272840273461785,29.272840273461785,29.272840273461785,-32.08909451157484
603517.SH,89.48309611741327,56.663078579117325,56.663078579117325,56.663078579117325,56.663078579117325,-28.58058220178055
600745.SH,327.16734423174194,88.32432432432434,88.32432432432434,88.32432432432434,88.32432432432434,-36.425183190350985
1398.HK,1.9055301735156,21.6667,21.6667,21.6667,21.6667,-20.11110514736707
000895.SZ,129.80720304961756,61.212538753014144,61.212538753014144,61.212538753014144,61.212538753014144,-76.91861835233856
000031.SZ,5.597845438352021,32.86908077994429,32.86908077994429,32.86908077994429,32.86908077994429,-40.09059525332111
002050.SZ,83.81934994002603,49.33641084824005,49.33641084824005,49.33641084824005,49.33641084824005,-64.35217657327134
600438.SH,13.985752067750989,67.70753998476769,67.70753998476769,67.70753998476769,67.70753998476769,-47.985266861492605
300207.SZ,7.7188386998023555,72.95081967213117,72.95081967213117,72.95081967213117,72.95081967213117,-8.633977068198464
000961.SZ,21.56579103225488,39.14691943127961,39.14691943127961,39.14691943127961,39.14691943127961,-43.4340478608738
300012.SZ,41.283397023907035,31.72367538564722,31.72367538564722,31.72367538564722,31.72367538564722,-43.49719982367331
601012.SH,75.29722944832464,54.9738219895288,54.9738219895288,54.9738219895288,54.9738219895288,-53.002173080999974
002410.SZ,19.869341252611214,60.50618010594467,60.50618010594467,60.50618010594467,60.50618010594467,-12.022839613098618
002624.SZ,131.97608446034764,41.20978704123244,41.20978704123244,41.20978704123244,41.20978704123244,-49.785300562969724
300782.SZ,8.848389808696217,85.12074469381291,85.12074469381291,85.12074469381291,85.12074469381291,-84.0954187851787
000425.SZ,1.956945924242487,42.96160877513711,42.96160877513711,42.96160877513711,42.96160877513711,-79.53701403146691
600426.SH,32.266198645712,35.329642677403115,35.329642677403115,35.329642677403115,35.329642677403115,-17.801306183503627
300651.SZ,116.10862988235719,25.383491599707824,25.383491599707824,25.383491599707824,25.383491599707824,-43.910241750864614
002555.SZ,648.6880442519968,48.34756776828815,48.34756776828815,48.34756776828815,48.34756776828815,-17.197249235298496
002311.SZ,86.73794365890188,47.00000000000002,47.00000000000002,47.00000000000002,47.00000000000002,-35.43125044861103
300036.SZ,28.460974948354263,62.61916708479678,62.61916708479678,62.61916708479678,62.61916708479678,-16.73219902785034
002035.SZ,55.18953619562521,30.625931445603584,30.625931445603584,30.625931445603584,30.625931445603584,-76.29947285914626
600030.SH,40.793387738742105,21.936758893280622,21.936758893280622,21.936758893280622,21.936758893280622,-66.13737811427637
000661.SZ,378.9133385332015,48.076062639821025,48.076062639821025,48.076062639821025,48.076062639821025,-43.153009775554196
600763.SH,24.93117200531601,41.91943821320589,41.91943821320589,41.91943821320589,41.91943821320589,-42.48625051400442
600048.SH,10.711317952830992,24.412855377008647,24.412855377008647,24.412855377008647,24.412855377008647,-39.247604868041456
002157.SZ,100.22119788808568,68.33333333333333,68.33333333333333,68.33333333333333,68.33333333333333,-52.218688949830806
300450.SZ,53.05398055693366,56.8090787716956,56.8090787716956,56.8090787716956,56.8090787716956,-22.81767361389377
601688.SH,14.887763660974894,20.384047267355974,20.384047267355974,20.384047267355974,20.384047267355974,-20.245478675603394
603501.SH,43.205176506100635,62.663877266387736,62.663877266387736,62.663877266387736,62.663877266387736,-20.647573720085155
603063.SH,0.198265012692278,28.47965738758031,28.47965738758031,28.47965738758031,28.47965738758031,-53.68023269529832
300383.SZ,21.72703423114901,61.88340807174889,61.88340807174889,61.88340807174889,61.88340807174889,-26.99939596012304
002353.SZ,53.783240950165556,57.35930735930736,57.35930735930736,57.35930735930736,57.35930735930736,-27.62688739856378
002891.SZ,24.046285501541785,46.57933042212517,46.57933042212517,46.57933042212517,46.57933042212517,-48.77612614123447
002271.SZ,162.1003223774497,63.96807297605474,63.96807297605474,63.96807297605474,63.96807297605474,-35.86582619196299
002142.SZ,38.76657308260982,27.637655417406755,27.637655417406755,27.637655417406755,27.637655417406755,-33.821782115022074
002212.SZ,179.16314852535592,71.59389794844816,71.59389794844816,71.59389794844816,71.59389794844816,-68.90684268738568
